title,type,subsection,main_content,context,outcome,predicted_references,predicted_context,predicted_outcome
yeast,Q2.3,A complete gene-based pangenome,"The pangenome consists of 5,047 core genes shared by all isolates and 3,494 accessory genes with variable presence. Accessory genes were further classified into soft core (1,263 genes present in >90% of isolates), dispensable (2,102 genes in 0.001–90%) and private (129 genes unique to one isolate) categories (Fig. 3a). The high proportion of core and soft core genes (73.9%) ","consistent with a closed pangenome typical of many eukaryotes14,18,25,46–48.","indicates moderate gene content variation,","10.1038/s41586-018-0030-5, 10.1099/mgen.0.000243","It is a well-established principle in pangenomics that a large proportion of core and soft-core genes reflects strong purifying selection acting to preserve essential cellular machinery, which is characteristic of relatively 'closed' eukaryotic pangenomes. Conversely, the smaller accessory genome acts as a flexible genetic reservoir that facilitates ecological niche adaptation and population-specific phenotypic variation, consistent with previous genomic surveys of Saccharomyces cerevisiae and other fungal populations.","Therefore, this suggests that the fundamental biology and viability of S. cerevisiae relies on a highly stable, conserved genomic backbone, while the extensive complex trait diversity and ecological adaptability observed across these 1,086 natural isolates is driven by the dynamic structural variations and gene content fluctuations confined within the remaining 26.1% of the accessory genome."
mechanical,Q2.2,HMGB2 targets plasticity-associated loci,"HMGB2OE cells adopted a mesenchymal-like and invasive morphology
relative to empty vector controls (Extended Data Fig. 11g). The most
highly upregulated gene was UNC5D ... (Extended Data Fig. 11h and Supplemen-
tary Table 7). Other upregulated neuronal genes included DCC, SH3GL2
and NPX2 (Extended Data Fig. 11h,i and Supplementary Table 7). GSEA
revealed an overrepresentation of neuronal genes within enriched
pathways (Extended Data Fig. 11j,k and Supplementary Table 7). Supporting a pro-invasive role for HMGB2, several invasive genes were also
upregulated (MAGEA1, SPP1, CTAG2 and GDF6; Extended Data Fig. 11i
and Supplementary Table 7).","UNC5D, a netrin receptor promoting neu-
ronal survival and migration47","These data indicate that HMGB2 alters
chromatin architecture to promote an invasive neuronal state.","10.1016/j.ccell.2018.03.017, 10.1016/j.cell.2018.06.040","Melanoma phenotypic plasticity is heavily dependent on transcriptomic reprogramming, wherein cells can dedifferentiate from a proliferative melanocytic state into a highly invasive, mesenchymal-like state. This phenotypic switch relies on the reactivation of embryonic neural crest and neuronal developmental pathways. The induction of neuronal gene signatures—such as axon guidance molecules (e.g., netrin receptors like DCC and UNC5) and extracellular matrix remodelers (e.g., SPP1/Osteopontin)—is a well-established mechanism that coordinates cellular motility, survival, and extracellular matrix degradation necessary for tumor dissemination.","Therefore, this indicates that HMGB2 functions as a critical epigenetic driver of the melanoma phenotypic switch. By acting as a chromatin remodeler, HMGB2 upregulation coordinates the synchronous activation of a dormant neuronal and mesenchymal-like transcriptional program (including UNC5D, DCC, and SPP1). This reveals a causal pathway where HMGB2 mediates the transition from a proliferative state to a highly invasive and dedifferentiated state, serving as the mechanistic link that translates microenvironmental cues (such as mechanical confinement) into stable metastatic progression."
mechanical,Q1.1,HMGB2 mediates phenotype switching,"To test the role of HMGB2 in phenotype
switching in vivo",,"we generated BRAFV600E melanomas in zebrafish, in
which zebrafish hmgb2a and hmgb2b were inactivated by CRISPR.",10.1126/science.aad2197,"Transgenic zebrafish are a highly robust model for studying melanoma progression and phenotypic plasticity, as their optical transparency allows for the direct in vivo tracking of distinct cellular states (such as proliferative versus invasive) using fluorescent reporters. Coupling established melanoma-prone lines (e.g., Tg(mitfa:BRAFV600E); p53-/-) with CRISPR-Cas9 genetic editing provides a rapid and efficient system to assess the functional requirement of specific chromatin-modifying proteins during tumor evolution and state transitions.","Use CRISPR-Cas9 to knock out the hmgb2 gene in a transgenic zebrafish melanoma model, and longitudinally track the fish using in vivo fluorescence imaging to measure the frequency of melanoma cells transitioning from a proliferative to a highly invasive state compared to wild-type controls."
breast_cancer,Q2.3,Mutational landscapes and cancer drivers,"Similarly, RREB1, ... was truncated in 26 patients, ","which encodes a zinc finger transcription factor that regulates Ras and TGFβ signalling and directly binds the p53 promoter20–22,",suggesting that its disruption could affect oncogenic pathways.,10.1126/science.1235122,"In cancer genomics, a high frequency of recurrent truncating mutations (such as nonsense, frameshift, or splice-site mutations) across a patient cohort is a well-established hallmark of tumor suppressor genes. These mutations typically result in a loss of protein function, which releases normal regulatory checkpoints and provides a selective growth advantage to cancer cells.","This indicates that RREB1 likely functions as a tumor suppressor gene in breast cancer, and its recurrent loss-of-function via truncation plays a driving role in tumorigenesis or disease progression for a subset of these patients."
