title,type,subsection,main_content,context,outcome,predicted_context,predicted_outcome,predicted_references
yeast,Q2.3,Genomic distribution of SVs,"We analysed the genomic distribution of SVs and found it to be highly uneven, with significant enrichment in subtelomeric regions (two-sided Fisher exact test, P = 1.1 × 10−309). Although SNPs and indels are also enriched in these regions, the enrichment is much stronger for SVs (Fig. 2d). By computing structural diversity along the genome, we identified bursts of diversity that are often specific to a single SV type (Fig. 2e) and defined 46 SV hotspots (Supplementary Table5), including 21 translocation hotspots, nearly all in subtelomeric regions. One notable exception is a well-described reciprocal translocation between chromosomes 8 and 16, ... SSU1 gene located near the breakpoint38 (Fig. 2e). Hotspots for PAVs, CNVs and inversions often mapped to TE-rich regions or ... such as FLO39,40, CUP1 ..., and ... such as HPF1, SPA2 and NUM1 .... An inversion hotspot on chromosome 14 overlaps a 24-kb region flanked by inverted repeats, ...","...which confers sulfite resistance through the overexpression of the SSU1 gene located near the breakpoint38...  SV-prone genes, such as FLO39,40 CUP1 (ref.41), ... genes with tandem repeats, ...(refs. 42,43) ... probably driven by recombination44","These findings indicate that SV hotspots arise either from genome fragility, linked to Ty elements or repetitive sequences, or from adaptive pressures targeting specific genes.","It is well established that subtelomeric regions and transposable element (TE)-rich domains in Saccharomyces cerevisiae are highly dynamic 'plasticity zones' prone to non-allelic homologous recombination and ectopic rearrangements. Consistent with prior population genomic studies, these unstable, repetitive regions act as evolutionary engines that facilitate the rapid expansion, deletion, and diversification of environmentally responsive multigene families—such as those involved in flocculation (FLO) and stress/metal resistance (CUP1)—which are vital for niche adaptation.","This indicates that the yeast genome features a compartmentalized evolutionary architecture, where the type and frequency of structural mutations are mechanistically dictated by the local sequence landscape (e.g., repeats and telomere proximity). Consequently, structural genetic diversity does not accumulate randomly but is heavily channeled into specialized hypermutable 'hubs' at the genome's periphery, which disproportionately supply the complex genetic variations required for rapid adaptive and phenotypic innovation in natural populations.","10.1038/s41586-018-0030-5, 10.1038/ng.3847"
crispr,Q1.1,Scalable characterization of SpCas9 PAM variants,"To generate datasets necessary to train a machine learning model to link protein sequence to function (PAM specificity), ","structure–function-informed approach based on SpCas9 structures10 and previous engineering efforts3,14,42,43 ... These six  amino acids modulate specificity for the 3rd and 4th PAM bases in the context of the engineered enzymes SpCas9-VRER, SpCas9-VRQR and SpG3,14,42 (Supplementary Note3). ... the residue that contacts the second guanine of the SpCas9 PAM10, largely abrogated enzyme activity (Supplementary Note 3) ...","we sought to engineer and characterize a sufficiently large collection of novel SpCas9 enzymes with altered PAM preferences. We generated a saturation mutagenesis library of SpCas9 variant enzymes using a structure–function-informed approach based on SpCas9 structures10 and previous engineering efforts3,14,42,43, simultaneously mutating six amino acid residues within the SpCas9 PI domain,... We selected residues D1135, S1136, G1218, E1219, R1335 and T1337 for saturation mutagenesis, and individual enzymes within the library are hereafter named according to amino acid identities at these six positions. Expansion of our library to also mutate R1333, ... . We therefore focused our efforts on altering the 3rd and 4th positions of the PAM.","High-throughput bacterial screening methods, such as plasmid depletion assays coupled with next-generation sequencing, have been established as highly effective techniques for comprehensively profiling the PAM preferences of engineered Cas9 enzymes. Previous studies have successfully utilized randomized target libraries and massively parallel sequencing to quantitatively map sequence-to-function landscapes, demonstrating that these experimental screens yield the high volume of robust, paired variant-target interaction data required for computational modeling.","Construct a library of SpCas9 PAM-interacting (PI) domain variants and perform a high-throughput bacterial selection screen against a plasmid library containing randomized PAM sequences, utilizing next-generation sequencing to experimentally quantify the PAM cleavage profiles and specificities for hundreds of engineered enzymes.","10.1038/nature16526, 10.1126/science.aba8853"
mechanical,Q2.3,Tumour gene expression altered by TME,"Interface cells downregulated MITF
and SOX10 and upregulated SOX9 (Fig. 1f and Extended Data Fig. 1g).
Classical melanocyte pigmentation genes were minimally expressed
by interface cells relative to the tumour bulk, including MITF (log2 fold
change (FC) = −5.19), TYRP1 (log2FC = −7.75) and PMEL (log2FC = −8.78)
(Fig. 1f, Extended Data Fig. 1g and Supplementary Table 1)... Unexpect-
edly, interface cells also upregulated genes involved in neuronal
development, including SOX11 (log2FC = 5.15), NNAT (log2FC = 8.61),
NEUROD1 (log2FC = 6.22) and NEFM (log2FC = 6.19) (Fig. 1g and Sup-
plementary Table 1). Gene set enrichment analysis (GSEA) revealed that
transcriptional programs linked to cell fate specification and neuronal
development were highly enriched in interface cells (Fig. 1h,i).","Melanoma behaviour is regulated by phenotype switching, in which
cells transition between differentiated/proliferative and undifferen-
tiated/invasive states. The transition between the proliferative and
invasive states is regulated by the transcription factors MITF, SOX9
and SOX10, among others8. MITF and SOX10 regulate melanocyte dif-
ferentiation and proliferation9,10, whereas SOX9 is associated with the
undifferentiated invasive state11.","These
data indicate that interface cells adopt an invasive state with markers
of neuronal development.","It is well established that melanoma progression and adaptability are driven by 'phenotype switching,' a process in which cells transition from a highly proliferative, differentiated melanocytic state (characterized by the high expression of master lineage regulators like MITF and SOX10, and their downstream pigmentation targets) to an invasive, dedifferentiated neural crest-like or mesenchymal state. This dedifferentiation is classically marked by the loss of MITF and SOX10, accompanied by a compensatory upregulation of SOX9 and primitive neural/embryonic developmental markers.","Therefore, this indicates that the microenvironmental cues acting on the interface cells trigger a profound transcriptional reprogramming, driving the melanoma cells to dedifferentiate from a mature, pigmented state into a highly plastic, invasive neural crest-like and neuronal precursor state.",10.1016/j.ccell.2018.03.018; 10.1038/nature05334
mechanical,Q2.4,Confinement induces a neuronal state,"Tumour
cells invading into the TME showed elongated nuclei compared with
the bulk tumour mass (Fig. 1j,k). ","A previous study showed that tumour
nuclei become highly elongated when squeezing through mechanically
restrictive environments12. Although numerous factors probably influ-
ence tumour invasion, ","we hypothesized that mechanical forces exerted
on the cell/nucleus may cause stable changes in gene expression and
tumour cell behaviour.","It is well established that severe changes in nuclear shape, specifically nuclear elongation and deformation, are a direct physical consequence of and a key indicator for cells experiencing mechanical confinement as they squeeze through dense extracellular matrices and restrictive interstitial spaces during 3D migration.","This morphological evidence indicates that melanoma cells at the invasive front are actively subjected to elevated mechanical spatial constraints, which likely serves as the physical microenvironmental cue that triggers the chromatin remodeling required for the transition from a proliferative bulk state to an invasive phenotype.","10.1016/j.ceb.2016.05.011, 10.1083/jcb.201210152"
mechanical,Q1.2,Confinement induces a neuronal state,"we hypothesized that mechanical forces exerted
on the cell/nucleus may cause stable changes in gene expression and
tumour cell behaviour. To test this hypothesis,","a system to confine human mela-
noma cells (A375 cell line) in vitro at predefined heights (3 µm) using a
polydimethylsiloxane piston and micropatterned coverslips13","we adapted a system to confine human mela-
noma cells (A375 cell line) in vitro at predefined heights (3 µm) using a
polydimethylsiloxane piston and micropatterned coverslips13 (Fig. 1l).","Cells navigating dense tissue microenvironments experience severe spatial constraints that deform the nucleus and alter chromatin dynamics. Mechanical confinement can be accurately modeled in vitro using polydimethylsiloxane (PDMS) micro-confinement devices to apply precise, uniaxial compression to cultured cells. Established mechanobiology principles demonstrate that nuclear deformation acts as a mechanosensor, directly triggering stretch-sensitive pathways, chromatin remodeling, and altered transcription (Lomakin et al., 2020). By utilizing human melanoma cell lines in these mechanical confiners, we can accurately mimic the physical restrictions of the tumor microenvironment and isolate the specific effects of mechanical force from complex biochemical cues.","We will utilize a static PDMS confiner device to subject human melanoma cells (e.g., A375) to a precise physical restriction (e.g., 3 μm height) for a defined period. Subsequently, we will perform RNA-sequencing (RNA-seq) and ATAC-seq on the cells to evaluate transcriptomic and chromatin accessibility changes, and conduct transwell invasion assays to determine if the applied mechanical stress induces a phenotypic shift toward increased invasiveness compared to unconfined controls.",10.1126/science.aba2894
mechanical,Q2.2,Confinement remodels the cytoskeleton,"These data indicate
that confinement causes interface cells to adopt a neuronal identity. ","Neuronal development relies on microtubule (MT) architecture,
influencing almost every aspect of neuronal structure and function14.
The cytoskeleton often transmits force within and between cells and
remodels in response to mechanical stimuli15. Recent reports indicate
that the MT cytoskeleton is stabilized by force to protect confined cells
from damage16.","We hypothesized that melanoma cells hijack neuronal
mechanisms to allow them to invade into the mechanically confined
microenvironment.","Melanoma cells originate from the embryonic neural crest, a transient and highly plastic lineage capable of differentiating into diverse cell types, including melanocytes and peripheral neurons. It is a well-established principle that microenvironmental mechanical cues, such as physical spatial confinement, can induce nuclear mechanotransduction and alter chromatin organization. This biophysical stress enables cells to epigenetically reprogram and reactivate ancestral developmental gene expression networks.","Therefore, this suggests that mechanical confinement at the tumor-stroma interface acts as a direct biophysical trigger that reshapes chromatin architecture to reactivate dormant neural crest developmental pathways. This mechanosensitive reprogramming causes melanoma cells to dedifferentiate and adopt a highly plastic, neuronal-like state, driving the transition from a proliferative phenotype to an invasive, drug-resistant one without the need for additional genetic mutations.",10.1016/j.cell.2015.12.032; 10.1126/science.aba2894
mechanical,Q2.4,Confinement remodels the cytoskeleton,"Confinement extensively
remodelled the MT cytoskeleton; within 2–4 h, curved MTs began encir-
cling the cell and nuclear periphery (Fig. 2a,b)...We also observed loss of a central
MT organizing centre with radial MTs,","This was reminiscent of a previous study that showed that MTs bend to prevent buckling
or rupture in response to force16...reminiscent of neurons with
centrosome-independent MT organization14,17.","These results indicate
that confined melanoma cells rapidly undergo structural changes in
the MT cytoskeleton resembling neurons.","It is well established that the reorganization of the microtubule (MT) network—specifically the transition from a centrosome-dependent radial array to a non-centrosomal, perinuclear network—is a critical cellular adaptation to physical stress and 3D confinement. This structural remodeling is associated with protecting the nucleus from deformation-induced mechanical damage and increasing cellular deformability, which are required for transitions into amoeboid or highly invasive migratory states.","Therefore, mechanical confinement directly triggers a rapid and active dismantling of the classic, division-associated radial microtubule architecture in melanoma cells, replacing it with a protective perinuclear microtubule shield. This cytoskeletal restructuring provides the mechanical resilience necessary to protect nuclear integrity under compressive stress, structurally facilitating the phenotypic shift from a stationary/proliferative state to an invasive one.",10.1038/nrm3689
mechanical,Q1.2,Confinement remodels the cytoskeleton,"These results indicate
that confined melanoma cells rapidly undergo structural changes in
the MT cytoskeleton resembling neurons.","Acetylated tubulin mediates neuronal architecture and function
and marks axonal MTs18. Tubulin acetylation stabilizes MTs and thus
the cell against mechanical pressure19. Curved MTs, such as those we
observed in confined cells (Fig. 2a,b), are also indicative of long-lived,
stabilized MTs19.","We performed immunofluorescence on sections from
adult fish with transgenic BRAFV600E-driven melanomas ... Confining A375 cells in vitro","Melanoma cells, which originate from the embryonic neural crest, retain a high degree of phenotypic plasticity and can reactivate neural-like cytoskeletal programs when subjected to microenvironmental stress. Mechanical spatial confinement forces cancer cells to undergo dramatic cytoskeletal remodeling to navigate tight tissue pores. Microfluidic devices engineered with distinct channel widths are highly validated in vitro models for mimicking this physiological confinement. To evaluate real-time structural alterations in the microtubule (MT) network—specifically the formation of axon- or dendrite-like MT extensions—researchers utilize high-resolution live-cell imaging combined with fluorogenic MT-binding probes. This approach allows for the spatiotemporal tracking of rapid cytoskeletal dynamics and structural repolymerization without disrupting cellular function.","We will seed human melanoma cells (e.g., A375) into polydimethylsiloxane (PDMS) microfluidic devices containing highly confining narrow channels (3 μm width) and unconfined control channels (12 μm width). We will label the cells with the live-cell microtubule dye SiR-Tubulin and perform continuous high-resolution time-lapse confocal microscopy to visually track and quantify the rapid formation and length of neurite-like microtubule extensions.","10.1016/j.cell.2015.01.032, 10.1038/nmeth.2890"
mechanical,Q2.4,Confinement remodels the cytoskeleton,"We noticed that in confined cells, the hyperacetylated tubulin net-
work was often perinuclear (Fig. 2f,g) ","As the stiffest and
largest organelle, the nucleus is vulnerable to confinement-induced
stress, with confined migration often causing nuclear envelope rup-
ture and DNA damage20,21. During migration through confined spaces,
neurons assemble a perinuclear network of acetylated tubulin to pro-
tect the nucleus22,23. ","and hypothesized that this net-
work may provide structural support to the nucleus.","It is well established that tubulin acetylation at lysine 40 (K40) confers mechanical flexibility and resilience to microtubules, preventing them from breaking under physical strain. Furthermore, the accumulation of these stable, highly flexible microtubule networks around the nucleus is known to provide a structural scaffold that protects the nucleus from mechanical stress, rupture, and excessive deformation when cells navigate physically restrictive environments.","This indicates that mechanical confinement triggers an adaptive cytoskeletal reorganization in melanoma cells, forming a structurally resilient microtubule shield around the nucleus. This protective perinuclear cage likely facilitates necessary nuclear deformation and safeguards the chromatin architecture as the cells physically navigate the tight spaces of the microenvironment during their transition to an invasive state.","10.1038/nmat4396, 10.1038/s41580-020-0214-x"
mechanical,Q2.3,Confinement remodels the cytoskeleton,"However, most MTs in confined and
unconfined A375 cells were highly tyrosinated (Extended Data Fig. 4a–d), ...
Although confined perinuclear MTs were occasionally
tyrosinated and rarely detyrosinated (Extended Data Fig. 4a–d), there
was no specific enrichment of these PTMs in the perinuclear network,
as observed for acetylated MTs. Similar results were observed for poly-
glutamylated MTs (Extended Data Fig. 4e,f). No polyglycylated MTs
were found in either condition (Extended Data Fig. 4g,h).","Detyrosination
has been linked to stabilized MTs26 ... probably owing to the high concentrations of tyrosine and tyrosinase in melanoma27","This indicates
that acetylation is the primary PTM mediating the assembly and/or
stability of the perinuclear tubulin network.","It is well established that the 'tubulin code' dictates microtubule behavior through distinct post-translational modifications (PTMs). Specifically, alpha-tubulin acetylation is known to increase microtubule flexibility and protect them from mechanical breakage under stress, whereas modifications such as tyrosination, detyrosination, and polyglutamylation primarily regulate microtubule assembly dynamics and the recruitment of motor proteins.","This indicates that melanoma cells selectively utilize microtubule acetylation, rather than a global alteration of microtubule dynamics via other PTMs, to structurally reinforce the perinuclear network, suggesting a specific, localized mechanical adaptation to protect the nucleus and maintain integrity during physical confinement.","10.1038/nmat4300, 10.1038/s41580-020-0216-x"
mechanical,Q1.1,HMGB2 upregulation requires nesprin 2,"to determine whether the acetylated tubulin network influences
HMGB2 upregulation.  ","Tubulin acetylation is mediated by the acetyl-
transferase ATAT1 (ref. 31) and deacetylation by HDAC6 (ref. 32). ... HDAC6 inhibitor tubacin33","We modulated tubulin dynamics and acetylation state in confined
cells ... We first treated A375 cells with the HDAC6 inhibitor tubacin33,","Microtubule acetylation, a key driver of cellular mechanotransduction and cytoskeletal rigidity, is dynamically regulated by the alpha-tubulin acetyltransferase ATAT1 and the deacetylase HDAC6. Established methods for interrogating the specific function of the acetylated tubulin network, without disrupting overall microtubule polymerization, involve using targeted pharmacological inhibitors (such as the HDAC6 inhibitor Tubacin to hyperacetylate microtubules) or genetic knockdown (such as RNA interference against ATAT1 to eliminate acetylation).","We will manipulate tubulin acetylation in melanoma cells by treating them with Tubacin (to increase acetylation) or transfecting them with siRNA targeting ATAT1 (to decrease acetylation), and subsequently quantify HMGB2 protein and mRNA levels using Western blotting and RT-qPCR under unconfined and mechanically confined conditions.","10.1073/pnas.0305378100, 10.1038/nature09324"
mechanical,Q1.1,HMGB2 upregulation requires nesprin 2,"To stabilize MTs independent of acetylation,  ","which binds β-tubulin and prevents tubulin
monomer incorporation into MT filaments and thus should not
influence the acetylation state of HMGB2 or other proteins34.","we treated confined cells
with paclitaxel (Taxol), ","Microtubules (MTs) can be pharmacologically stabilized using taxanes. Paclitaxel (Taxol) binds directly to the β-tubulin subunit on the inner surface of the microtubule, suppressing dynamic instability and physically preventing depolymerization. This mechanism imparts structural stability to the microtubule lattice directly, bypassing the need for endogenous stabilizing post-translational modifications such as alpha-tubulin acetylation at lysine 40 (K40), which typically accumulate on naturally long-lived, stable microtubules.",We will treat the melanoma cells in culture with the microtubule-stabilizing agent paclitaxel (Taxol) prior to evaluating their phenotypic or mechanotransductive responses.,10.1038/277665a0
mechanical,Q2.4,HMGB2 targets plasticity-associated loci,"Homer de novo motif analysis
identified conserved transcription factor binding motifs enriched within the promoter of open chromatin regions upon HMGB2 overex-
pression (HMGB2OE). The top-ranked motif was an AP-1 motif (Fig. 4k;
P = 1 × 10−49) ...
Other highly ranked motifs included PRDM4, ... (Fig. 4k; P = 1 × 10−12), and SOX9, ... (Fig. 4k; P = 1 × 10−11).","...implicated in melanoma and melanocyte plasticity40,41... which functions in neural
development42 ... a critical regulator of
the pro-invasive phenotype switch in melanoma43","These data indicate that HMGB2 upregulation increases chromatin
accessibility at loci associated with plasticity and a neuronal pheno-
type, promoting a confinement-induced dedifferentiation program.","It is well established that specific transcription factors, notably AP-1 and SOX9, act as master regulators of phenotypic plasticity and the invasive cell state in melanoma. The activation of the AP-1 gene regulatory network and SOX9 signaling is known to drive the transition of melanoma cells from a highly proliferative, melanocytic state to a dedifferentiated, invasive, and drug-resistant phenotype.","This indicates that HMGB2 mechanistically drives the confinement-induced phenotypic transition by structurally remodeling chromatin architecture to expose the binding motifs of key pro-invasive transcription factors, thereby facilitating the AP-1- and SOX9-mediated transcriptional reprogramming required for melanoma invasion.","10.1038/ncomms7683, 10.1038/ncb2617"
mechanical,Q1.1,HMGB2 targets plasticity-associated loci,To clarify potential HMGB2 targets,a double-crosslinking approach44,"we performed chromatin immu-
noprecipitation (ChIP) sequencing (ChIP–seq) targeting HMGB2 in
A375 cells using a double-crosslinking approach44 (Extended Data
Fig. 11a). We generated a peak atlas by comparing peaks present in cells
expressing baseline concentrations of HMGB2 to those not present in
HMGB2KO cells","High Mobility Group Box 2 (HMGB2) is a non-histone, chromatin-associated architectural protein that modulates gene expression by altering local chromatin structure and facilitating transcription factor binding. Chromatin immunoprecipitation followed by high-throughput sequencing (ChIP-seq) is the established, gold-standard biological technique used to globally map the precise in vivo genomic binding sites of DNA-associated proteins, enabling the identification of their direct downstream genetic targets and associated regulatory networks.","Perform Chromatin Immunoprecipitation sequencing (ChIP-seq) using a specific anti-HMGB2 antibody on melanoma cells cultured under mechanically confined and unconfined conditions, and integrate these binding profiles with RNA-sequencing data to identify the specific genes directly targeted and regulated by HMGB2.",10.1038/nrg2641
mechanical,Q2.4,HMGB2 drives invasion through Notch and BRN2,"HMGB2 robustly
bound the promoter of Notch signalling genes in both A375 (Extended
Data Fig. 11d and Supplementary Table 6) and SKMEL5 (Extended Data
Fig. 12d and Supplementary Table 8) cells. Notch family genes were also
upregulated by human interface cells (DLL1, DLL3 and DLK2; Supple-
mentary Table 1) and confined human melanoma cells (NOTCH2NLA,
DLK2 and DLL4; Supplementary Table 2). ","Notch signalling promotes
melanoma invasion through brain-2 (BRN2, also known as POU3F2)
(ref. 48), a well-characterized pro-invasive transcription factor in mela-
noma49 that also functions in neuronal development50. ","This indicates that invasive and neuronal phenotypes in confined interface cells are
induced by HMGB2-mediated upregulation of Notch/BRN2 signal-
ling. ","It is well established that high mobility group (HMG) proteins, specifically HMGB2, act as chromatin architectural factors that physically remodel chromatin to facilitate the binding of transcription factors and drive gene expression. Furthermore, the activation of the Notch signaling pathway is recognized as a fundamental driver of cellular plasticity, promoting invasive, dedifferentiated, and mesenchymal-like states in melanoma.","Therefore, the mechanical confinement-induced transition of melanoma cells into an invasive state is mechanistically driven by HMGB2-mediated chromatin remodeling at Notch signaling promoters. This structural change facilitates the transcriptional upregulation of the pro-invasive Notch pathway, directly linking physical microenvironmental cues (confinement) to stable phenotypic plasticity.","10.1016/j.bbamcr.2009.11.001, 10.1007/s00109-014-1174-8"
mechanical,Q1.1,HMGB2 mediates phenotype switching,"Confined A375 cells downregulated many proliferation-related pathways. To visualize the influence of confinement on this trade-off,",FastFUCCI cell cycle sensor54,"we generated
an A375 cell line stably expressing the FastFUCCI cell cycle sensor54.","The phenotypic dichotomy between proliferation and invasion in melanoma, often referred to as the 'go-or-grow' hypothesis, suggests that migrating/invasive cells temporarily arrest their cell cycle, typically in the G1 phase, to allocate energy and cytoskeletal resources toward motility. To study this dynamic transition, the Fluorescent Ubiquitination-based Cell Cycle Indicator (FUCCI) system is widely utilized to report cell-cycle phases in real-time. It relies on the reciprocal degradation of Cdt1 and Geminin, allowing visual discrimination between G1-arrested (red) and actively dividing S/G2/M (green) cells. By coupling this fluorescent reporter system with precisely engineered microfluidic confinement devices that mimic tissue spaces, we can directly observe how physical microenvironmental cues drive the phenotypic switch from proliferation to invasion.","We will transduce A375 melanoma cells with the FUCCI reporter system (mCherry-hCdt1 and mAG-hGeminin) and perform time-lapse live-cell confocal microscopy on these cells cultured within a custom microfluidic confinement device (e.g., with varying channel heights of 3 µm to simulate confinement and 10 µm as a control) to dynamically track and quantify cell-cycle arrest and morphological state during confined migration.",DOI: 10.1016/j.cell.2008.01.037; DOI: 10.1111/j.1755-148X.2008.00507.x
mechanical,Q2.4,HMGB2 is associated with drug tolerance,"Unconfined
cells rapidly displayed fragmented nuclear morphology and underwent
apoptosis, whereas confined cells were almost completely resistant
to Taxol-induced cell death (Extended Data Fig. 13d).","Taxol induces
cancer cell death through cell cycle arrest60","indicating that confine-
ment may cause melanoma cells to exit the cell cycle","It is well established that phenotypic plasticity enables melanoma cells to transition from a highly proliferative state—which is heavily dependent on active cell cycling and thus sensitive to anti-mitotic chemotherapies like Taxol—into a slow-cycling, invasive state that exhibits intrinsic multi-drug resistance.","Therefore, this indicates that mechanical confinement is a sufficient microenvironmental cue to physically drive a phenotypic switch, functionally coupling the acquisition of invasive traits with profound resistance to apoptosis-inducing chemotherapies.","10.1038/s41568-019-0140-5, 10.1016/j.cell.2010.04.020"
taurine,Q1.1,Temporal changes in leukaemia niche,"To define temporal changes in non-immune bone marrow micro-
environment populations during myeloid leukaemia progression",which can grow in unirradiated mouse recipients,"we used bcCML LSCs...(Extended Data Fig. 1a,b). Bone marrow stromal populations
(leukaemia−CD45−TER119−) were isolated from leukaemic cohorts at
distinct stages of disease progression and analysed using scRNA-seq
(Fig. 1a). ","Single-cell RNA sequencing (scRNA-seq) is an established and highly effective technology for dissecting cellular heterogeneity and tracking dynamic transcriptomic shifts within complex tissues over time. Previous studies have successfully utilized scRNA-seq to map the cellular taxonomy of the bone marrow stroma, enabling the high-resolution identification and tracking of rare non-immune microenvironmental cell populations—such as mesenchymal stem cells, endothelial cells, and osteolineage cells—during both normal homeostasis and the progression of hematological malignancies.","Isolate non-immune bone marrow cells (e.g., using fluorescence-activated cell sorting to enrich for CD45-negative/Ter119-negative stromal populations) from a myeloid leukaemia mouse model at distinct temporal disease stages (e.g., healthy steady-state, early/pre-leukaemia, and late-stage/blast crisis), and perform single-cell RNA sequencing (scRNA-seq) to quantify population shifts and differential gene expression.","10.1016/j.cell.2019.04.040, 10.1038/s41586-019-1104-8"
taurine,Q1.1,Ligand–receptor interactome,"This identified 13 cell surface signals common to both bcCML and AML, 18 unique to AML and 7 unique to bcCML. Of these 38 genes, 16 were misannotated as cell surface in the reference dataset19 and were removed from further analysis (Methods and Extended Data Fig. 2c,d). ... to identify ligands for these receptors, ",especially those that were significantly upregulated in our TME scRNA-seq data and in the human AML immune microenvironment20,We used NicheNet and the published literature ... (Extended Data Fig. 2e).,"Computational inference of intercellular communication networks from single-cell transcriptomics relies on mapping gene expression data to curated databases of known ligand-receptor pairs (e.g., FANTOM5, CellPhoneDB). This approach allows researchers to systematically identify paracrine signaling vectors by matching the expression of specific cell-surface receptors on target cells (like leukemia stem cells) with the expression of cognate ligands in the surrounding tumor microenvironment.","We cross-referenced the remaining 22 validated cell-surface receptors enriched in LSCs against a curated ligand-receptor interaction database to identify their corresponding cognate ligands, and subsequently profiled the expression of these identified ligands across the diverse cellular populations in our bone marrow TME scRNA-seq dataset.","10.1038/ncomms8866, 10.1038/s41596-020-0292-x"
taurine,Q2.3,TME signals support leukaemogenesis,"Consistent with a functional role of taurine from the TME in leukaemia progression, taurine levels were 1.7-fold higher in leukaemic bone marrow interstitial fluid as compared to the controls (Fig. 2j).","In mice, the majority of taurine is synthesized in the liver from cysteine24.","To determine whether taurine produced locally in the bone marrow niche is essential for leukaemia growth, ","While previous studies have largely attributed protective or anti-cancer immune properties to taurine, it is a well-established biological principle that cancer cells induce metabolic reprogramming to actively remodel the tumor microenvironment (TME). This remodeling results in the accumulation of specific extracellular metabolites in the interstitial fluid, which are subsequently scavenged by tumor cells to sustain altered energy metabolism and promote survival.","Therefore, this suggests that the leukemic bone marrow niche dynamically alters its metabolic composition to overproduce and pool extracellular taurine, creating a nutrient-rich microenvironmental reservoir that leukemic stem cells exploit—likely via the upregulated TAUT (SLC6A6) receptor—to fuel glycolysis and drive aggressive disease progression.",10.1016/j.cell.2011.02.013
taurine,Q2.4,TAUT loss impairs leukaemogenesis,"These results suggest that, while TAUT loss does not impair steady-state haematopoiesis, it can impact long-term HSC self-renewal and maintenance.","These data are consistent with previous studies showing that genetic loss of LSC-enriched genes such as CD981, STAU26, MSI228,29, BRD430 and BCL231 can impair HSC self-renewal. However, therapeutic inhibition of CD98 showed minimal toxicity in AML phase I trials1 and BCL2 inhibitors are approved for AML therapy. ",It is therefore possible that non-genetic approaches using small-molecule inhibitors or gene silencing may identify a therapeutic window for TAUT targeting in human cells.,"It is well established that long-term hematopoietic stem cell (HSC) self-renewal relies on specialized metabolic pathways and microenvironmental nutrient uptake to mitigate cellular stress and prevent stem cell exhaustion over time. In contrast, steady-state hematopoiesis is often more resilient to the loss of specific nutrient transporters due to mature progenitor compensatory mechanisms. This is consistent with defined metabolic dependencies that distinguish basal blood production from the stringent requirements of long-term stem cell maintenance.","This indicates that taurine uptake plays a specialized, non-redundant role in preserving the stem cell pool against exhaustion rather than acting as a fundamental requirement for basic hematopoietic differentiation. Consequently, because leukemia stem cells (LSCs) frequently hijack these specialized self-renewal mechanisms to sustain disease, therapeutically targeting the TAUT axis could selectively exhaust LSCs while providing a favorable therapeutic window that safely spares normal, ongoing blood production.","10.1182/blood-2018-04-843813, 10.1126/science.ade3928"
taurine,Q2.4,TAUT is essential for human AML growth,"Our analyses of available gene expression datasets indicate that SLC6A6 expression is enriched in leukaemia stem/progenitors as compared to more mature blasts (Extended Data Fig. 8a). While SLC6A6 is broadly expressed in AML irrespective of karyotype or FAB subtype (TCGA; Extended Data Fig.8b), increased expression correlates with venetoclax resistance (BEAT-AML; Fig. 4a). SLC6A6 expression is also enriched in reactive oxygen species (ROS)-low LSCs from human monocytic AMLs (subtype clinically associated with venetoclax resistance; CD45bright SSChighCD117−CD11b+CD68+) compared with primitive AML (Fig. 4b; CD45medSSClowCD117+CD11b−CD68−)32. We find increased SLC6A6 expression in leukaemia cells carrying RAS mutations as compared to wild-type cells, ... (Fig. 4c). SLC6A6 is also highly expressed in relapsed AML originating from stem/progenitor like cells compared with more committed populations34 (Extended Data Fig. 8c). ",...consistent with data correlating RAS mutations with venetoclax resistance33,"These data collectively indicate that inhibiting SLC6A6 may be of value across AML subtypes, including those commonly associated with venetoclax resistance.","It is well established that leukemia stem cell (LSC) populations, particularly those characterized by low reactive oxygen species (ROS) levels and monocytic differentiation trajectories, rely on metabolic reprogramming and alternate survival pathways to maintain stemness and evade targeted therapies. Specifically, monocytic AML subclones and ROS-low LSCs are known to be intrinsically resistant to BCL-2 inhibitors like venetoclax, serving as the primary reservoir for disease relapse.","This suggests that the upregulation of the taurine transporter SLC6A6 is a critical metabolic adaptation utilized by therapy-resistant, ROS-low leukemia stem cells to survive targeted treatments like venetoclax. Consequently, SLC6A6-mediated taurine uptake represents a key functional dependency driving AML relapse, highlighting the taurine signaling axis as a promising therapeutic vulnerability to eradicate chemoresistant LSC populations.","10.1158/2159-8290.CD-19-0710, 10.1016/j.stem.2012.12.013"
taurine,Q1.1,TAUT is essential for human AML growth,"To determine whether small-molecule inhibitors of TAUT can effectively block leukaemia growth,","6-aminomethyl3-methyl-4H-1,2,4-benzothiadiazine-1,1-dioxide hydrochloride35 (TAG) and guanidinoethyl sulphonate36 (GES; ","we used two well-characterized structural analogues of taurine that inhibit uptake: 6-aminomethyl3-methyl-4H-1,2,4-benzothiadiazine-1,1-dioxide hydrochloride35 (TAG) and guanidinoethyl sulphonate36 (GES; Extended Data Fig.8d,e).","Guanidinoethanesulfonate (GES) is a well-established structural analogue of taurine that acts as a competitive antagonist of the taurine transporter (TAUT/SLC6A6). It has been robustly used in both in vitro and in vivo models to effectively block taurine uptake and deplete intracellular taurine levels, making it a standard pharmacological tool for testing TAUT dependency.","We will treat human acute myeloid leukaemia (AML) cell lines and in vivo patient-derived xenograft (PDX) mouse models of leukaemia with the TAUT competitive inhibitor guanidinoethanesulfonate (GES), and subsequently quantify leukaemia cell proliferation, bone marrow engraftment via flow cytometry, and overall animal survival.",10.1038/s41586-023-05925-4
taurine,Q2.4,Taurine drives glycolysis in leukaemia,"Our untargeted metabolomic approach identified 13C label only in known taurine conjugates, N-acetyl taurine and glutaurine (Extended Data Fig.10f,g). Membrane-permeable taurine fully rescued colonies formed by Slc6a6−/− cells (Fig. 5g), and N-acetyl-taurine partly rescued this defect (Extended Data Fig.10h), ...  By contrast, glutaurine was unable to rescue the Slc6a6−/− colony formation (Extended Data Fig.10i). ",perhaps by breakdown to taurine and acetate37.,"These experiments indicate that taurine, and not a secondary metabolite, promotes leukaemia growth due to an indirect effect on glycolysis, possibly through downstream signalling.","It is well established that the solute carrier SLC6A6 (TAUT) is the primary active transporter responsible for maintaining high intracellular concentrations of taurine, a beta-amino acid essential for cell volume regulation, survival, and proliferation. Within most mammalian cells, taurine predominantly functions in its abundant, unconjugated free form, whereas its downstream conjugates (such as N-acetyltaurine and glutaurine) typically represent minor metabolic sinks or serve highly specialized, niche functions rather than core survival pathways.","Therefore, this indicates that unconjugated, free taurine is the direct and essential molecular driver required for leukaemic cell colony formation and survival, and that the phenotypic rescue is not primarily mediated by its downstream conjugated metabolic byproducts.",10.1152/physrev.1992.72.1.101
taurine,Q2.2,Taurine drives glycolysis in leukaemia,... mTOR signalling has a key role downstream of taurine in leukaemia cells.,"Amino acid availability can be sensed by RAG GTPases to facilitate mTORC1 localization to the outer lysosomal membrane40 and its interaction with RHEB GTPases41, thereby promoting mTORC1 activation. ",We hypothesized that taurine may activate mTOR by promoting its interaction with RAG GTPases.,"The mammalian target of rapamycin complex 1 (mTORC1) is a central metabolic sensor that integrates environmental signals, including amino acid availability, to control cellular metabolism. It is well-established that mTORC1 activation promotes a shift towards aerobic glycolysis (the Warburg effect) in cancer cells by driving the translation and activation of transcription factors such as HIF1α and c-Myc, which subsequently upregulate the expression of key glycolytic enzymes to meet the bioenergetic and anabolic demands of rapid proliferation.","Therefore, it is concluded that taurine taken up from the tumour microenvironment via the cell surface transporter TAUT acts as a critical metabolic activator of the mTOR signaling pathway in leukaemia cells. This taurine-induced mTOR activation subsequently drives metabolic reprogramming towards increased glycolysis, providing the essential energetic and biosynthetic resources required to fuel leukaemogenesis and disease progression.",10.1016/j.cell.2017.02.004; 10.1016/j.molcel.2010.06.022
ultrasensitive,Q2.3,Pre-analytical factors affecting cfRNA,"we observed that cfRNA is highly frag
mented and does not contain detectable 18S and 28S rRNA peaks 
(Extended Data Fig. 1a), ","As previously described1,8,11, ",indicating high levels of degradation.,"Consistent with previous studies characterizing the cell-free transcriptome, circulating extracellular RNA is continuously exposed to high levels of endogenous ribonucleases (RNases) in the bloodstream and is predominantly released through apoptotic or necrotic cellular pathways. This rapid enzymatic cleavage and apoptotic degradation result in a highly truncated RNA profile. Consequently, unlike intact cellular RNA—which exhibits prominent 18S and 28S ribosomal RNA peaks traditionally used to verify RNA integrity (RIN)—cfRNA is inherently degraded and lacks these structural hallmarks.","Therefore, conventional RNA quality assessment metrics are inapplicable to liquid biopsies, and standard RNA-seq library preparation strategies that rely on intact RNA molecules or poly-A capture are inherently unsuited for plasma transcriptomics. This indicates that to achieve ultrasensitive detection of circulating tumour RNA (ctRNA), assays like RARE-seq must rely on specialized biochemistries specifically optimized for the efficient capture, retention, and amplification of ultra-short, highly degraded transcript fragments.","10.1038/s41467-022-31936-w, 10.1371/journal.pone.0111164"
breast_cancer,Q2.3,Key mutational signatures,"A germline deletion involving APOBEC3A and APOBEC3B (APOBEC3A/B), which effectively generates APOBEC3AAPOBEC3B fusion transcripts ... the deletion was not substantially enriched in patients with breast cancer compared with the background Korean population (51.0%, 844 out of 1,654 individuals, with 150 being homozygous and 694 heterozygous; P = 0.276 by two-sided chi-square test; Fig. 2g),  ","A germline deletion involving APOBEC3A and APOBEC3B (APOBEC3A/B), which effectively generates APOBEC3AAPOBEC3B fusion transcripts, has been suggested to predispose to APOBEC-mediated hypermutations29 (Extended Data Fig.4a). ... Contrary to previous reports30,31, ",suggesting that it is not a strong cancer-predisposing germline variant.,"It is well established that the APOBEC3A/B germline deletion exhibits distinct population stratification, being rare in European populations but highly prevalent in East Asian populations. Furthermore, previous studies primarily involving Western or mixed ethnic cohorts have strongly associated this specific deletion with both an increased risk of breast cancer susceptibility and an elevated burden of APOBEC-mediated mutational signatures in tumors.","Therefore, this suggests that despite its ability to generate fusion transcripts and its documented role in cancer risk in other demographics, the APOBEC3A/B deletion does not confer a significant primary susceptibility to breast cancer in the Korean population. This indicates that the variant functions as an ethnic-specific background polymorphism rather than a highly penetrant, universal oncogenic driver, highlighting the necessity of population-specific baselines when evaluating genomic risk factors.",10.1038/ng.2905; 10.1093/jnci/djw086
breast_cancer,Q1.1,Frequently rearranged genes,"To determine the structural variation landscape, ","A key mutational process in cancer is structural variation, which acts to amplify, delete or reorder chromosomal material at scales that range from single genes to entire chromosomes32","we generated a DNA interaction map between 5-Mb segments across the entire genome (Fig. 3a), along with large-scale copy number amplification patterns (CNAs; G-score).","Traditional targeted sequencing approaches often fail to detect large-scale genomic rearrangements and copy number alterations outside of their specific target regions. Whole-genome sequencing (WGS) is an established comprehensive and unbiased alternative technique capable of capturing the full spectrum of genomic changes, including complex somatic structural variations across cancer genomes.","we performed whole-genome sequencing (WGS) on 1,364 breast cancer samples from the CUBRICS cohort.",10.1038/s41586-019-1913-9
breast_cancer,Q2.4,Frequently rearranged genes,"Another frequent interchromosomal translocation involved the ERBB2 locus on chromosome 17 and a locus on chromosome 20 (observed in 30 participants), ... (Fig. 3a, top right). ... structural variations involving the ERBB2 locus were clustered with super-enhancers genome-wide (P = 0.028 by permutation test; Fig. 3b), which translocated super-enhancers in about 90 kb from the ERBB2 locus (Fig. 3c). Tumours with extragenic structural variants in the vicinity (within 1 Mb) showed significantly higher ERBB2 gene expression levels than their gene copy number (log2 fold change >1, q-value <0.10; Fig. 3d). They often carried extragenic structural variants in the vicinity (within 1 Mb) with a cancer cell fraction (CCF) of approximately 1 (Fig. 3e), and distal breakpoints significantly enriched near breast cancer-specific super-enhancers35 (Fig. 3f).","where breast cancer super-enhancers were enriched35 ... Structural variations can influence  transcription by disrupting enhancer–promoter interactions, chromatin topology and long-range regulatory elements36. In line with this idea, ",Our observation overall suggests a possible enhancer-hijacking mechanism for transcriptional activation in breast cancer genomes.,"Consistent with known principles of oncogenic gene regulation, it is well established that structural variations (SVs) can drive cancer progression through a mechanism known as 'enhancer hijacking.' In this process, genomic rearrangements (such as translocations or inversions) reposition distant regulatory elements, particularly highly active super-enhancers, into close spatial proximity with oncogenes, thereby driving their aberrant transcription independently of direct gene copy-number amplification.","This indicates that ERBB2 (HER2) overexpression in breast cancer is not solely dependent on canonical gene amplification, but is also driven by an enhancer hijacking mechanism. These early, clonal translocations repurpose distant breast cancer-specific super-enhancers to aberrantly upregulate ERBB2 transcription, highlighting extragenic structural variants as a distinct, copy-number-independent driver of oncogenesis in this patient population.","10.1038/nature13379, 10.1126/science.1254806"
breast_cancer,Q2.4,Clinical effect of ERBB2 focal gain,"Out of 75 individuals with HER2-positive tumours who received neoadjuvant TCHP regimens (docetaxel (microtubule inhibitor), carboplatin (platinum intercalator), trastuzumab and pertuzumab (anti-HER2 inhibitors)), 38 showed pathologic complete response (pCR) (Fig. 4e and Supplementary Table 4). … cases with pCR (n = 38) exhibited significantly higher ERBB2 expression (P < 0.001, two-sided Student’s t-test) and a greater frequency of ERBB2 focal amplification (P = 0.001, two-sided Fisher’s exact test; Extended Data Fig.9f–h (external validation in the TransNEO cohort46)).  ... Notably, in our cohort, tumours with ERBB2  copy number of 33 or more were significantly more likely to be ecDNA-positive (P = 0.003; Fig. 4f, right); however, ERBB2 amplification by ecDNA was not associated with pCR rates (P = 0.540). ","Of note, ecDNA is generally associated with poor prognosis across multiple cancer types47.","Our observation suggests that absolute copy number. rather than the amplification mechanism, may be a more relevant predictor of therapeutic response. It also indicates that ERBB2-amplifying ecDNA may be an actionable target for anti-HER2 therapy.","It is well established that high levels of ERBB2 (HER2) amplification and overexpression strongly correlate with enhanced sensitivity and favorable responses to dual HER2-targeted neoadjuvant therapies. Furthermore, extrachromosomal DNA (ecDNA) is recognized as a major structural mechanism for generating massive oncogene copy number amplifications, and is frequently associated with increased intratumoral heterogeneity and general therapeutic resistance across multiple cancer types.","This indicates that while ecDNA is a potent structural vehicle driving extreme ERBB2 amplification (copy numbers ≥ 33), the extrachromosomal topology itself does not independently alter or confer resistance to TCHP regimens. Therefore, we conclude that the absolute magnitude of ERBB2 amplification and resulting expression dictates targetable sensitivity to anti-HER2 therapies, overriding the generally poor prognostic implications of the ecDNA architecture.","10.1056/NEJMoa1113262, 10.1038/s41588-020-0678-2"
breast_cancer,Q2.4,Long-segmental copy number gains,"The timing analysis with the burden of co-amplified, pre-amplification somatic base substitutions yielded the acquisition timing of the frequent long-segmental CNAs in breast cancer in molecular time49 (Extended Data Fig. 10). Most of the recurrent long-segmental CNAs were acquired by 20% of molecular time, when recent common ancestral cells of a cancer emerge, which should be decades earlier than tumour diagnosis. ",the acquisition timing of the frequent long-segmental CNAs in breast cancer in molecular time49 ...  consistent with a previous report50,"This implies that acquisition of the long-segmental CNAs is an early evolutionary event in breast cancer, which is presumably acquired in early puberty ... Our findings also suggest that full neoplastic transformation can take decades from the first event of genomic instability.","These findings are consistent with the established paradigm of early punctuated tumor evolution, where foundational driver events—particularly large-scale chromosomal copy number alterations (CNAs)—are acquired during early pre-neoplastic stages. Previous molecular timing studies, such as pan-cancer evolutionary analyses by the PCAWG Consortium and targeted life-history studies of breast cancers, have similarly demonstrated that major structural genomic instability and driver gains/losses often initiate years to decades prior to clinical manifestation.","This indicates that the foundational genomic architecture of breast cancer is established during a remarkably long and clinically latent pre-malignant phase. The acquisition of major structural instability decades before diagnosis implies a prolonged subclinical latency, suggesting a substantial temporal window of opportunity for biomarker-based early detection and interception strategies prior to explosive clonal expansion.","10.1038/s41586-019-1907-7, 10.1016/j.cell.2012.04.023"
