title,type,subsection,main_content,context,outcome,predicted_context,predicted_outcome
yeast,Q2.3,Genomic distribution of SVs,"We analysed the genomic distribution of SVs and found it to be highly uneven, with significant enrichment in subtelomeric regions (two-sided Fisher exact test, P = 1.1 × 10−309). Although SNPs and indels are also enriched in these regions, the enrichment is much stronger for SVs. By computing structural diversity along the genome, we identified bursts of diversity that are often specific to a single SV type and defined 46 SV hotspots, including 21 translocation hotspots, nearly all in subtelomeric regions. Hotspots for PAVs, CNVs and inversions often mapped to TE-rich regions or gene families such as FLO, CUP1, HPF1, SPA2 and NUM1, and an inversion hotspot overlaps a region flanked by inverted repeats.","...which confers sulfite resistance through the overexpression of the SSU1 gene located near the breakpoint38...  SV-prone genes, such as FLO39,40 CUP1 (ref.41), ... genes with tandem repeats, ...(refs. 42,43) ... probably driven by recombination44","These findings indicate that SV hotspots arise either from genome fragility, linked to Ty elements or repetitive sequences, or from adaptive pressures targeting specific genes.","It is well established that subtelomeric domains and loci enriched in transposable elements (TEs) or inverted repeats act as highly dynamic, recombination-prone environments. These regions are highly susceptible to ectopic recombination events, such as non-allelic homologous recombination (NAHR), which frequently generate large structural rearrangements. Consistent with large-scale population genomic studies, these repetitive architectures serve as 'evolutionary cradles' that tolerate high structural plasticity and frequently harbor contingency gene families essential for rapid environmental adaptation and stress response, such as FLO for flocculation and CUP1 for heavy metal resistance.","Therefore, this suggests that the vast majority of structural variation in S. cerevisiae is mechanistically driven and spatially constrained by the repetitive architecture of the genome. These subtelomeric and TE-rich hotspots act as localized engines of genomic plasticity, allowing natural yeast populations to rapidly generate functionally impactful, adaptive phenotypic diversity in environmentally responsive traits without compromising the structural integrity of the essential core genome."
crispr,Q1.1,Scalable characterization of SpCas9 PAM variants,"To generate datasets necessary to train a machine learning model to link protein sequence to function (PAM specificity),","structure–function-informed approach based on SpCas9 structures10 and previous engineering efforts3,14,42,43 ... These six  amino acids modulate specificity for the 3rd and 4th PAM bases in the context of the engineered enzymes SpCas9-VRER, SpCas9-VRQR and SpG3,14,42 (Supplementary Note3). ... the residue that contacts the second guanine of the SpCas9 PAM10, largely abrogated enzyme activity (Supplementary Note 3) ...","we sought to engineer and characterize a sufficiently large collection of novel SpCas9 enzymes with altered PAM preferences. We generated a saturation mutagenesis library of SpCas9 variant enzymes using a structure–function-informed approach based on SpCas9 structures10 and previous engineering efforts3,14,42,43, simultaneously mutating six amino acid residues within the SpCas9 PI domain,... We selected residues D1135, S1136, G1218, E1219, R1335 and T1337 for saturation mutagenesis, and individual enzymes within the library are hereafter named according to amino acid identities at these six positions. Expansion of our library to also mutate R1333, ... . We therefore focused our efforts on altering the 3rd and 4th positions of the PAM.","Previous studies have established that the sequence of the PAM-interacting (PI) domain of SpCas9 directly determines its PAM recognition specificity, and targeted mutagenesis of this domain can yield nucleases with altered specificities. Furthermore, high-throughput methodologies, such as bacterial cell-based survival screens or in vitro cleavage assays coupled with next-generation sequencing (NGS), have been proven effective for comprehensively profiling the PAM preferences of Cas nucleases on a large scale.","We will construct a library of SpCas9 variants containing diverse mutational combinations within the PAM-interacting (PI) domain and systematically screen them against target DNA libraries featuring randomized PAM sequences using a high-throughput, NGS-based cleavage or cell-survival assay to experimentally quantify the PAM profiles of hundreds of enzymes."
mechanical,Q2.3,Tumour gene expression altered by TME,"Interface cells downregulated MITF and SOX10 and upregulated SOX9. Classical melanocyte pigmentation genes were minimally expressed by interface cells relative to the tumour bulk, including MITF (log2 fold change (FC) = −5.19), TYRP1 (log2FC = −7.75) and PMEL (log2FC = −8.78). Unexpectedly, interface cells also upregulated genes involved in neuronal development, including SOX11 (log2FC = 5.15), NNAT (log2FC = 8.61), NEUROD1 (log2FC = 6.22) and NEFM (log2FC = 6.19). Gene set enrichment analysis (GSEA) revealed that transcriptional programs linked to cell fate specification and neuronal development were highly enriched in interface cells.","Melanoma behaviour is regulated by phenotype switching, in which
cells transition between differentiated/proliferative and undifferen-
tiated/invasive states. The transition between the proliferative and
invasive states is regulated by the transcription factors MITF, SOX9
and SOX10, among others8. MITF and SOX10 regulate melanocyte dif-
ferentiation and proliferation9,10, whereas SOX9 is associated with the
undifferentiated invasive state11.","These
data indicate that interface cells adopt an invasive state with markers
of neuronal development.","It is well established that phenotypic plasticity in melanoma is driven by a reversible 'phenotype switch' characterized by distinct transcriptional rewiring. The downregulation of lineage-specific master transcription factors (MITF and SOX10) alongside canonical pigmentation genes dictates a departure from a proliferative, differentiated melanocytic state. Conversely, the upregulation of SOX9, coupled with the reactivation of gene signatures associated with embryonic neural crest multipotency and early neuronal development, is a recognized hallmark of cellular de-differentiation towards a highly invasive, mesenchymal-like state.","Therefore, this indicates that melanoma cells positioned at the confined tumor interface undergo a profound phenotypic de-differentiation. By shedding their canonical melanocytic identity and adopting a multipotent, neural-like transcriptional program, these interface cells acquire the plasticity and invasive capabilities necessary to escape the primary tumor bulk and penetrate surrounding host tissues."
mechanical,Q2.4,Confinement induces a neuronal state,"Tumour cells invading into the TME showed elongated nuclei compared with the bulk tumour mass (Fig. 1j,k).","A previous study showed that tumour
nuclei become highly elongated when squeezing through mechanically
restrictive environments12. Although numerous factors probably influ-
ence tumour invasion, ","we hypothesized that mechanical forces exerted
on the cell/nucleus may cause stable changes in gene expression and
tumour cell behaviour.","Consistent with the biomechanics of 3D cell migration, it is well established that extreme nuclear deformation, specifically nuclear elongation, is a primary morphological hallmark of cells undergoing physical constriction and mechanical confinement as they squeeze through restrictive pores in dense extracellular matrices.","Therefore, this suggests that the local architecture of the tumour microenvironment imposes substantial mechanical confinement on invading melanoma cells, forcing a physical compression of the nucleus that serves as a mechanical cue to alter chromatin architecture and drive the phenotypic transition into an invasive state."
mechanical,Q1.2,Confinement induces a neuronal state,"we hypothesized that mechanical forces exerted on the cell/nucleus may cause stable changes in gene expression and tumour cell behaviour. To test this hypothesis,","a system to confine human mela-
noma cells (A375 cell line) in vitro at predefined heights (3 µm) using a
polydimethylsiloxane piston and micropatterned coverslips13","we adapted a system to confine human mela-
noma cells (A375 cell line) in vitro at predefined heights (3 µm) using a
polydimethylsiloxane piston and micropatterned coverslips13 (Fig. 1l).","It is established that physical confinement, such as a cancer cell migrating through a dense extracellular matrix, induces severe cellular and nuclear deformation. This mechanical stress on the nucleus stretches the nuclear envelope, uncouples chromatin from the nuclear lamina, and alters chromatin architecture, thereby driving transcriptional reprogramming and altering cell state. Polydimethylsiloxane (PDMS) microfluidic devices engineered with highly defined spatial geometries (e.g., narrow microchannels) are a standard, reproducible in vitro model used to physically confine cells. This system allows for the precise isolation and application of mechanical compressive forces independent of biochemical cues from the tumor microenvironment.","we will pass human melanoma cell lines (e.g., A375) through PDMS microfluidic devices containing either narrow, confining microchannels (3 μm width) or wide, unconfined control channels (15 μm width). Following passage, we will isolate the cells and perform bulk RNA-sequencing (RNA-seq) to profile stable transcriptomic changes, ATAC-seq to assess mechanically-induced shifts in chromatin accessibility, and Boyden chamber transwell assays to evaluate subsequent shifts toward an invasive phenotype."
mechanical,Q2.2,Confinement remodels the cytoskeleton,These data indicate that confinement causes interface cells to adopt a neuronal identity.,"Neuronal development relies on microtubule (MT) architecture,
influencing almost every aspect of neuronal structure and function14.
The cytoskeleton often transmits force within and between cells and
remodels in response to mechanical stimuli15. Recent reports indicate
that the MT cytoskeleton is stabilized by force to protect confined cells
from damage16.","We hypothesized that melanoma cells hijack neuronal
mechanisms to allow them to invade into the mechanically confined
microenvironment.","It is well established that melanoma cells retain extensive developmental plasticity due to their neural crest origin, allowing them to dedifferentiate into multipotent neural crest or neuromesenchymal states under microenvironmental stress. Furthermore, physical confinement and cellular squeezing directly induce nuclear deformation, which alters chromatin architecture and epigenetic states (e.g., changes in heterochromatin distribution and mechanosensitive transcriptional activation) to reactivate dormant developmental and migratory gene expression programs.","Therefore, this suggests that mechanical confinement at the tumor-stroma interface acts as a biophysical trigger that directly remodels chromatin architecture to unlock and upregulate latent neural crest/neuronal developmental pathways. This mechanogenomic transition shifts the cells from a proliferative state to a highly invasive, neuronal-like phenotypic state, driving spatial heterogeneity and tumor progression."
mechanical,Q2.4,Confinement remodels the cytoskeleton,"Confinement extensively remodelled the MT cytoskeleton; within 2–4 h, curved MTs began encircling the cell and nuclear periphery...We also observed loss of a central MT organizing centre with radial MTs.","This was reminiscent of a previous study that showed that MTs bend to prevent buckling
or rupture in response to force16...reminiscent of neurons with
centrosome-independent MT organization14,17.","These results indicate
that confined melanoma cells rapidly undergo structural changes in
the MT cytoskeleton resembling neurons.","It is well established that the reorganization of the microtubule (MT) network from a traditional centrosome-anchored radial array to a non-centrosomal, perinuclear configuration is a hallmark of cellular adaptation to physical stress and 3D confinement. This structural shift protects the nucleus against mechanical deformation, withstands compressive forces, and is strongly associated with the transition to an invasive, migratory phenotype in eukaryotic cells.","Therefore, this indicates that mechanical confinement rapidly triggers a targeted structural adaptation in melanoma cells, dismantling the classical cytoskeletal architecture typically required for cell division (proliferative state) in favor of a mechanically resilient perinuclear shield. This dynamic microtubule rearrangement likely acts as the primary mechanotransductive relay that transmits external compressive forces directly to the nucleus, thereby driving the chromatin remodeling necessary for the phenotypic switch to an invasive state."
mechanical,Q1.2,Confinement remodels the cytoskeleton,These results indicate that confined melanoma cells rapidly undergo structural changes in the MT cytoskeleton resembling neurons.,"Acetylated tubulin mediates neuronal architecture and function
and marks axonal MTs18. Tubulin acetylation stabilizes MTs and thus
the cell against mechanical pressure19. Curved MTs, such as those we
observed in confined cells (Fig. 2a,b), are also indicative of long-lived,
stabilized MTs19.","We performed immunofluorescence on sections from
adult fish with transgenic BRAFV600E-driven melanomas ... Confining A375 cells in vitro","Melanoma cells originate from the neural crest and retain a high degree of phenotypic plasticity, allowing them to adopt neuron-like morphological states under environmental stress. Mechanical confinement can be strictly modeled in vitro using defined-height microfluidic chambers. To monitor rapid, real-time structural dynamics of the microtubule (MT) cytoskeleton without fixation artifacts during mechanical compression, live-cell fluorescence microscopy utilizing highly specific fluorogenic probes (such as SiR-tubulin) or genetically encoded fluorescent tubulin fusion proteins is the gold standard.","Seed human melanoma cells (e.g., A375 or A2058 cell lines) into polydimethylsiloxane (PDMS) microfluidic confinement devices featuring a restricted ceiling height of 3 µm to induce mechanical confinement, alongside 10 µm unconfined controls. Stain the cells with the live-cell microtubule probe SiR-tubulin, and perform time-lapse confocal microscopy over a 12-to-24 hour period to track and quantify MT network reorganization, specifically measuring the rapid formation and length of neurite-like, tubulin-rich cellular extensions."
mechanical,Q2.4,Confinement remodels the cytoskeleton,"We noticed that in confined cells, the hyperacetylated tubulin network was often perinuclear (Fig. 2f,g).","As the stiffest and
largest organelle, the nucleus is vulnerable to confinement-induced
stress, with confined migration often causing nuclear envelope rup-
ture and DNA damage20,21. During migration through confined spaces,
neurons assemble a perinuclear network of acetylated tubulin to pro-
tect the nucleus22,23. ","and hypothesized that this net-
work may provide structural support to the nucleus.","It is well established that tubulin acetylation confers enhanced flexibility and mechanical resilience to the microtubule network. Consistent with previous studies, the perinuclear accumulation of stable, acetylated microtubules acts as a protective cage to shield the nucleus from severe mechanical deformation, stress, and envelope rupture during confined cell migration.","This indicates that melanoma cells respond to spatial confinement by structurally reinforcing the nuclear periphery with a resilient microtubule network, likely to protect nuclear integrity from mechanical damage while safely accommodating the chromatin architecture changes required for the transition to an invasive state."
mechanical,Q2.3,Confinement remodels the cytoskeleton,"However, most MTs in confined and unconfined A375 cells were highly tyrosinated... there was no specific enrichment of these PTMs in the perinuclear network, as observed for acetylated MTs. Similar results were observed for polyglutamylated MTs... No polyglycylated MTs were found in either condition.","Detyrosination
has been linked to stabilized MTs26 ... probably owing to the high concentrations of tyrosine and tyrosinase in melanoma27","This indicates
that acetylation is the primary PTM mediating the assembly and/or
stability of the perinuclear tubulin network.","It is well established that the 'tubulin code'—comprising distinct microtubule post-translational modifications (PTMs)—differentially regulates microtubule mechanics and functions. While modifications like tyrosination generally mark dynamic, newly formed microtubules, alpha-tubulin acetylation uniquely marks long-lived microtubules and confers specific structural flexibility, protecting the microtubule lattice against mechanical stress and deformation.","This indicates that the adaptation of melanoma cells to mechanical confinement does not involve a global or non-specific alteration of microtubule dynamics, but rather relies on the highly selective enrichment of microtubule acetylation to specifically stabilize the perinuclear network against environmental mechanical stress."
mechanical,Q1.1,HMGB2 upregulation requires nesprin 2,to determine whether the acetylated tubulin network influences HMGB2 upregulation.,"Tubulin acetylation is mediated by the acetyl-
transferase ATAT1 (ref. 31) and deacetylation by HDAC6 (ref. 32). ... HDAC6 inhibitor tubacin33","We modulated tubulin dynamics and acetylation state in confined
cells ... We first treated A375 cells with the HDAC6 inhibitor tubacin33,","The post-translational acetylation of α-tubulin creates a stable, mechanically resistant microtubule network that plays a critical role in cellular mechanotransduction, allowing cells to transmit physical cues from the microenvironment to the nucleus. Modulating tubulin acetylation levels through the genetic knockdown of α-tubulin acetyltransferase 1 (αTAT1) or pharmacological inhibition of histone deacetylase 6 (HDAC6) is an established approach to interrogate the necessity of this network in mechanically-induced gene expression cascades.","We will genetically deplete αTAT1 using siRNA to prevent tubulin acetylation, or treat the cells with the HDAC6 inhibitor Tubacin to hyperacetylate the network, in mechanically confined melanoma cells, and subsequently quantify HMGB2 mRNA and protein expression levels using RT-qPCR and Western blotting."
mechanical,Q1.1,HMGB2 upregulation requires nesprin 2,"To stabilize MTs independent of acetylation,","which binds β-tubulin and prevents tubulin
monomer incorporation into MT filaments and thus should not
influence the acetylation state of HMGB2 or other proteins34.","we treated confined cells
with paclitaxel (Taxol), ","Pharmacological microtubule-targeting agents, such as paclitaxel (Taxol), are well-established as robust stabilizers of the microtubule cytoskeleton. Paclitaxel works by directly binding to the β-tubulin subunit on the inner surface of the microtubule lumen. This direct physical interaction alters the tubulin conformation to strengthen both lateral and longitudinal inter-subunit contacts, effectively suppressing microtubule dynamics and preventing depolymerization. Because this stabilization is driven by a structural, drug-receptor interaction, it overrides the need for endogenous stabilizing post-translational modifications, allowing for robust microtubule stabilization regardless of α-tubulin acetylation status.",We treated the melanoma cells with paclitaxel to directly and pharmacologically stabilize the microtubule (MT) network.
mechanical,Q2.4,HMGB2 targets plasticity-associated loci,Homer de novo motif analysis identified conserved transcription factor binding motifs enriched within the promoter of open chromatin regions upon HMGB2 overexpression (HMGB2OE). The top-ranked motif was an AP-1 motif (P = 1 × 10−49). Other highly ranked motifs included PRDM4 (P = 1 × 10−12) and SOX9 (P = 1 × 10−11).,"...implicated in melanoma and melanocyte plasticity40,41... which functions in neural
development42 ... a critical regulator of
the pro-invasive phenotype switch in melanoma43","These data indicate that HMGB2 upregulation increases chromatin
accessibility at loci associated with plasticity and a neuronal pheno-
type, promoting a confinement-induced dedifferentiation program.","It is well established that the transcription factors AP-1 and SOX9 act as master regulators of phenotype switching in melanoma, specifically driving the gene expression programs required for the transition from a melanocytic, proliferative state to a dedifferentiated, highly invasive, and mesenchymal-like state.","Therefore, this indicates that HMGB2 acts as an upstream epigenetic driver of melanoma plasticity by remodeling chromatin architecture to increase the accessibility of promoters for AP-1 and SOX9, thereby facilitating the active transcriptional rewiring necessary for melanoma cells to transition into an invasive state."
mechanical,Q1.1,HMGB2 targets plasticity-associated loci,To clarify potential HMGB2 targets,a double-crosslinking approach44,"we performed chromatin immu-
noprecipitation (ChIP) sequencing (ChIP–seq) targeting HMGB2 in
A375 cells using a double-crosslinking approach44 (Extended Data
Fig. 11a). We generated a peak atlas by comparing peaks present in cells
expressing baseline concentrations of HMGB2 to those not present in
HMGB2KO cells","High Mobility Group Box 2 (HMGB2) is a non-histone chromatin architectural protein that dynamically interacts with DNA to remodel chromatin landscape and regulate gene transcription. Chromatin immunoprecipitation followed by high-throughput sequencing (ChIP-seq) is the established, gold-standard methodology previously used to successfully map the genome-wide DNA-binding sites and direct downstream gene targets of HMGB2 in various cellular contexts.","We will perform Chromatin Immunoprecipitation sequencing (ChIP-seq) using an anti-HMGB2 antibody on the melanoma cell lines, followed by peak calling and motif analysis to map its genome-wide binding sites and identify direct transcriptional targets."
mechanical,Q2.4,HMGB2 drives invasion through Notch and BRN2,"HMGB2 robustly bound the promoter of Notch signalling genes in both A375 and SKMEL5 melanoma cells, and Notch family genes were upregulated in interface and mechanically confined human melanoma cells.","Notch signalling promotes
melanoma invasion through brain-2 (BRN2, also known as POU3F2)
(ref. 48), a well-characterized pro-invasive transcription factor in mela-
noma49 that also functions in neuronal development50. ","This indicates that invasive and neuronal phenotypes in confined interface cells are
induced by HMGB2-mediated upregulation of Notch/BRN2 signal-
ling. ","It is well established that the chromatin architectural protein HMGB2 facilitates transcription by altering DNA conformation to enhance transcription factor binding, and that the upregulation of the Notch signaling pathway plays a critical role in driving melanoma progression, epithelial-to-mesenchymal-like transitions, and invasive cellular plasticity.","Therefore, mechanical confinement induces HMGB2-dependent chromatin remodeling at Notch signaling promoters, driving the transcriptional activation of the Notch pathway which mechanistically facilitates the phenotypic transition of melanoma cells from a proliferative to an invasive state."
mechanical,Q1.1,HMGB2 mediates phenotype switching,"Confined A375 cells downregulated many proliferation-related pathways. To visualize the influence of confinement on this trade-off,",FastFUCCI cell cycle sensor54,"we generated
an A375 cell line stably expressing the FastFUCCI cell cycle sensor54.","Melanoma exhibits a well-documented 'go or grow' phenotypic plasticity, where tumor cells transition between a highly proliferative state and a slow-cycling, highly invasive state in response to microenvironmental cues. To validate transcriptomic shifts and experimentally observe this trade-off, mechanical confinement devices (such as microfabricated PDMS channels or cell-compressing roofs) are standardly combined with indicators of DNA synthesis and cell-cycle progression, allowing the direct spatial and temporal visualization of proliferation suppression during induced invasive behavior.","we performed EdU (5-ethynyl-2'-deoxyuridine) pulse-incorporation assays and immunofluorescence staining for the proliferation marker Ki67 on A375 cells, comparing populations cultured in unconfined environments against those subjected to precise mechanical confinement using a microfluidic device, and imaged the cells using confocal fluorescence microscopy."
mechanical,Q2.4,HMGB2 is associated with drug tolerance,"Unconfined cells rapidly displayed fragmented nuclear morphology and underwent apoptosis, whereas confined cells were almost completely resistant to Taxol-induced cell death.","Taxol induces
cancer cell death through cell cycle arrest60","indicating that confine-
ment may cause melanoma cells to exit the cell cycle","It is well established that Taxol exerts its cytotoxic effects by disrupting microtubule dynamics in actively proliferating cells, leading to nuclear fragmentation and apoptosis. Furthermore, phenotypic plasticity in melanoma—often driven by microenvironmental cues—allows cells to switch from a highly proliferative state to a slow-cycling, invasive state that exhibits innate multidrug resistance to anti-mitotic chemotherapies.","Therefore, this suggests that mechanical confinement acts as a direct biophysical cue that drives a phenotypic transition away from a vulnerable proliferative state, effectively conferring chemoresistance and protecting melanoma cells from targeted apoptosis."
taurine,Q1.1,Temporal changes in leukaemia niche,To define temporal changes in non-immune bone marrow micro-environment populations during myeloid leukaemia progression,which can grow in unirradiated mouse recipients,"we used bcCML LSCs...(Extended Data Fig. 1a,b). Bone marrow stromal populations
(leukaemia−CD45−TER119−) were isolated from leukaemic cohorts at
distinct stages of disease progression and analysed using scRNA-seq
(Fig. 1a). ","Single-cell RNA sequencing (scRNA-seq) is an established and powerful method for dissecting cellular heterogeneity and tracking dynamic transcriptional remodeling within the tumor microenvironment over time. Previous studies have demonstrated that selecting for CD45-negative (non-immune) cells from the bone marrow, followed by scRNA-seq, allows for the high-resolution mapping of the bone marrow stroma taxonomy and the identification of distinct, disease-driven alterations in niche populations such as mesenchymal stromal cells, osteoblasts, and endothelial cells.","Isolate CD45-negative (non-immune) bone marrow cells using fluorescence-activated cell sorting (FACS) from a myeloid leukaemia mouse model (e.g., MLL-AF9) at multiple longitudinal time points (such as healthy baseline, intermediate pre-leukaemic, and terminal advanced stages), and perform single-cell RNA sequencing (scRNA-seq) to chart the dynamic subpopulation shifts and transcriptomic changes."
taurine,Q1.1,Ligand–receptor interactome,to identify ligands for these receptors,especially those that were significantly upregulated in our TME scRNA-seq data and in the human AML immune microenvironment20,We used NicheNet and the published literature ... (Extended Data Fig. 2e).,"Intercellular communication between the tumor microenvironment (TME) and cancer cells can be systematically inferred from single-cell RNA sequencing (scRNA-seq) data using curated computational databases of known ligand-receptor protein complexes, such as CellPhoneDB or the FANTOM5 interaction network. These bioinformatic tools map receptor expression profiles on target cells to ligand expression profiles in surrounding stromal or immune populations, establishing putative paracrine signaling networks.",We queried the remaining 22 validated LSC-specific cell surface receptors against curated ligand-receptor interaction databases and mapped them to our bone marrow microenvironment scRNA-seq dataset to determine which distinct TME cell populations express their cognate ligands.
taurine,Q2.3,TME signals support leukaemogenesis,"Consistent with a functional role of taurine from the TME in leukaemia progression, taurine levels were 1.7-fold higher in leukaemic bone marrow interstitial fluid as compared to the controls (Fig. 2j).","In mice, the majority of taurine is synthesized in the liver from cysteine24.","To determine whether taurine produced locally in the bone marrow niche is essential for leukaemia growth, ","It is well established that the tumor microenvironment (TME) undergoes dynamic metabolic reprogramming, resulting in the localized accumulation of specific metabolites in extracellular spaces to support cancer cell survival, bioenergetics, and disease progression. Furthermore, elevated extracellular taurine availability and increased expression of its transporter (SLC6A6/TAUT) have been previously associated with enhanced cellular survival, stress resistance, and tumor progression in various solid and hematological malignancies.","Therefore, this indicates that the bone marrow niche is actively remodeled during leukemia progression to establish a taurine-enriched metabolic microenvironment. This extracellular reservoir provides an abundant supply of taurine that can be imported by leukemic cells to drive metabolic adaptations, such as upregulated glycolysis, thereby fueling leukemogenesis and promoting aggressive disease expansion."
taurine,Q2.4,TAUT loss impairs leukaemogenesis,"These results suggest that, while TAUT loss does not impair steady-state haematopoiesis, it can impact long-term HSC self-renewal and maintenance.","These data are consistent with previous studies showing that genetic loss of LSC-enriched genes such as CD981, STAU26, MSI228,29, BRD430 and BCL231 can impair HSC self-renewal. However, therapeutic inhibition of CD98 showed minimal toxicity in AML phase I trials1 and BCL2 inhibitors are approved for AML therapy. ",It is therefore possible that non-genetic approaches using small-molecule inhibitors or gene silencing may identify a therapeutic window for TAUT targeting in human cells.,"It is well established that specific metabolic regulators and nutrient transporters (such as those for amino acids and osmolytes) are uniquely required to sustain long-term hematopoietic stem cell (HSC) self-renewal and manage long-term cellular stress, even when they are dispensable for baseline, steady-state blood production.","Therefore, TAUT-mediated taurine uptake represents a distinct metabolic dependency necessary for sustained stem cell regenerative capacity rather than basic cellular survival. This differential requirement indicates that therapeutic targeting of the TAUT signaling axis could selectively exhaust hyper-proliferative, self-renewing leukemia stem cells (LSCs) while safely sparing normal steady-state hematopoiesis."
taurine,Q2.4,TAUT is essential for human AML growth,"Our analyses of available gene expression datasets indicate that SLC6A6 expression is enriched in leukaemia stem/progenitors as compared to more mature blasts. While SLC6A6 is broadly expressed in AML irrespective of karyotype or FAB subtype, increased expression correlates with venetoclax resistance. SLC6A6 expression is also enriched in reactive oxygen species (ROS)-low LSCs from human monocytic AMLs compared with primitive AML. We find increased SLC6A6 expression in leukaemia cells carrying RAS mutations as compared to wild-type cells. SLC6A6 is also highly expressed in relapsed AML originating from stem/progenitor like cells compared with more committed populations.",...consistent with data correlating RAS mutations with venetoclax resistance33,"These data collectively indicate that inhibiting SLC6A6 may be of value across AML subtypes, including those commonly associated with venetoclax resistance.","It is well established that leukemia stem cells (LSCs) uniquely rely on metabolic reprogramming, such as maintaining low reactive oxygen species (ROS) levels, to preserve quiescence and evade standard and targeted therapies. Furthermore, clinical resistance to the BCL-2 inhibitor venetoclax in acute myeloid leukemia (AML) is strongly associated with the selective expansion of monocytic blast subpopulations and the acquisition of RAS pathway mutations, which collectively rewire cellular metabolism to bypass apoptotic pathways.","Therefore, this indicates that the taurine transporter SLC6A6 (TAUT) is a critical metabolic dependency and a molecular hallmark for aggressive, therapy-resistant leukemia stem cell populations. Upregulation of SLC6A6 likely facilitates taurine import to buffer oxidative stress (sustaining the ROS-low state) and support the survival of LSCs under therapeutic pressure from venetoclax, thereby driving relapse. Consequently, targeting the SLC6A6 signalling axis represents a promising strategy to eradicate therapy-resistant, stem-like cellular compartments in AML."
taurine,Q1.1,TAUT is essential for human AML growth,"To determine whether small-molecule inhibitors of TAUT can effectively block leukaemia growth,","6-aminomethyl3-methyl-4H-1,2,4-benzothiadiazine-1,1-dioxide hydrochloride35 (TAG) and guanidinoethyl sulphonate36 (GES; ","we used two well-characterized structural analogues of taurine that inhibit uptake: 6-aminomethyl3-methyl-4H-1,2,4-benzothiadiazine-1,1-dioxide hydrochloride35 (TAG) and guanidinoethyl sulphonate36 (GES; Extended Data Fig.8d,e).","Guanidinoethyl sulfonate (GES) is a well-established, competitive small-molecule inhibitor of the taurine transporter (TAUT/SLC6A6) that effectively restricts intracellular taurine uptake. Evaluating the pre-clinical efficacy of metabolic inhibitors in leukemia standardly requires testing these compounds in vivo using patient-derived xenograft (PDX) or syngeneic mouse models to accurately measure their impact on tumor microenvironment interactions, disease progression, and overall survival.","Treat human AML cell lines and murine leukemia models (such as patient-derived xenografts) with the TAUT inhibitor guanidinoethyl sulfonate (GES). Subsequently, measure in vitro cell proliferation and apoptosis, quantify in vivo leukemic blast burden in the bone marrow and spleen using flow cytometry, and track the overall survival curves of the mice compared to vehicle-treated controls."
taurine,Q2.4,Taurine drives glycolysis in leukaemia,"Our untargeted metabolomic approach identified 13C label only in known taurine conjugates, N-acetyl taurine and glutaurine. Membrane-permeable taurine fully rescued colonies formed by Slc6a6−/− cells, and N-acetyl-taurine partly rescued this defect. By contrast, glutaurine was unable to rescue the Slc6a6−/− colony formation.",perhaps by breakdown to taurine and acetate37.,"These experiments indicate that taurine, and not a secondary metabolite, promotes leukaemia growth due to an indirect effect on glycolysis, possibly through downstream signalling.","It is well established that the SLC6A6 gene encodes the primary taurine transporter (TAUT), which facilitates the essential cellular uptake of taurine from the microenvironment. Once inside the cell, free taurine can be enzymatically converted into downstream conjugates, such as N-acetyl taurine and glutaurine, which serve distinct physiological functions, act as metabolic reservoirs, or facilitate excretion, but often exhibit different bioactivity profiles compared to the free amino acid.","This indicates that free, unconjugated taurine is the primary biologically active metabolite required to drive leukaemic cell survival and colony formation, while its downstream conjugates are either physiologically inactive or functionally insufficient to independently promote leukaemogenesis."
taurine,Q2.2,Taurine drives glycolysis in leukaemia,mTOR signalling has a key role downstream of taurine in leukaemia cells.,"Amino acid availability can be sensed by RAG GTPases to facilitate mTORC1 localization to the outer lysosomal membrane40 and its interaction with RHEB GTPases41, thereby promoting mTORC1 activation. ",We hypothesized that taurine may activate mTOR by promoting its interaction with RAG GTPases.,"The mechanistic target of rapamycin (mTOR) complex 1 is a well-established cellular nutrient sensor. Upon activation by amino acids and metabolic cues, mTOR signaling promotes tumorigenesis by driving metabolic reprogramming, specifically upregulating glycolysis and biosynthetic pathways required for rapid cancer cell proliferation and survival.","Therefore, taurine supplied by the tumor microenvironment acts as a critical nutrient signal that activates the mTOR pathway in leukemic cells, thereby mechanistically driving the elevated glycolysis and metabolic reprogramming necessary to promote leukaemogenesis and support leukemic stem cell expansion."
ultrasensitive,Q2.3,Pre-analytical factors affecting cfRNA,we observed that cfRNA is highly fragmented and does not contain detectable 18S and 28S rRNA peaks,"As previously described1,8,11, ",indicating high levels of degradation.,"It is well established that extracellular RNA in the bloodstream is continuously exposed to high concentrations of circulating ribonucleases (RNases), which rapidly cleave and degrade unprotected transcripts. Unlike high-quality intracellular RNA extracts, which are characterized by distinct 18S and 28S ribosomal RNA peaks used to calculate RNA Integrity Numbers (RIN), endogenous cell-free RNA (cfRNA) naturally exists in a heavily fragmented state, making these classic ribosomal peaks undetectable in plasma liquid biopsies.","Therefore, standard RNA quality assessment metrics based on intact rRNA (like RIN) are fundamentally inapplicable for evaluating cfRNA quality. Furthermore, this confirms that sensitive cfRNA profiling techniques, such as RARE-seq, must be explicitly optimized to efficiently capture and sequence ultra-short, degraded fragments rather than relying on protocols designed for long, intact transcripts (e.g., standard poly-A selection)."
breast_cancer,Q2.3,Key mutational signatures,"A germline deletion involving APOBEC3A and APOBEC3B (APOBEC3A/B), which effectively generates APOBEC3A–APOBEC3B fusion transcripts, was not substantially enriched in patients with breast cancer compared with the background Korean population (51.0%, 844 out of 1,654 individuals, with 150 being homozygous and 694 heterozygous; P = 0.276 by two-sided chi-square test).","A germline deletion involving APOBEC3A and APOBEC3B (APOBEC3A/B), which effectively generates APOBEC3AAPOBEC3B fusion transcripts, has been suggested to predispose to APOBEC-mediated hypermutations29 (Extended Data Fig.4a).... Contrary to previous reports30,31, ",suggesting that it is not a strong cancer-predisposing germline variant.,The APOBEC3A/B germline deletion is a well-characterized polymorphism that is known to vary significantly across different ethnic groups; it is highly prevalent in East Asian and Oceanian populations but relatively rare in populations of European descent. It is well established that this deletion can drive APOBEC-associated hypermutation signatures in various cancers and has been suggested by previous studies to act as a breast cancer susceptibility allele in certain cohorts.,"Therefore, this suggests that despite its potential to influence the mutational landscape of a tumor once it develops, the APOBEC3A/B germline deletion does not independently confer a significantly elevated risk for breast cancer onset in the Korean population. Because it exists as a highly frequent background polymorphism in this demographic, it cannot be reliably used as a population-wide predictive biomarker for breast cancer susceptibility in East Asian cohorts."
breast_cancer,Q1.1,Frequently rearranged genes,"To determine the structural variation landscape,","A key mutational process in cancer is structural variation, which acts to amplify, delete or reorder chromosomal material at scales that range from single genes to entire chromosomes32","we generated a DNA interaction map between 5-Mb segments across the entire genome (Fig. 3a), along with large-scale copy number amplification patterns (CNAs; G-score).","Traditional targeted sequencing approaches primarily focus on individual point mutations in known coding genes and frequently miss large-scale structural changes, such as non-coding genomic rearrangements and copy number alterations. Whole-genome sequencing (WGS) provides an unbiased, comprehensive view of the entire genome, making it the established gold-standard methodology for detecting the full spectrum of structural variations and complex chromosomal rearrangements in cancer genomes.","Perform whole-genome sequencing (WGS) on tumor tissues and matched normal samples from the 1,364 breast cancer cohort, and apply structural variant and copy-number alteration calling algorithms to map genomic rearrangements across the entire genome."
breast_cancer,Q2.4,Frequently rearranged genes,"Another frequent interchromosomal translocation involved the ERBB2 locus on chromosome 17 and a locus on chromosome 20 (observed in 30 participants). Structural variations involving the ERBB2 locus were clustered with super-enhancers genome-wide (P = 0.028), translocating super-enhancers to within ~90 kb of ERBB2. Tumours with extragenic structural variants within 1 Mb showed significantly higher ERBB2 expression than expected from copy number alone (log2 fold change >1), with these variants present at high cancer cell fraction and distal breakpoints enriched near breast cancer-specific super-enhancers.","where breast cancer super-enhancers were enriched35 ... Structural variations can influence  transcription by disrupting enhancer–promoter interactions, chromatin topology and long-range regulatory elements36. In line with this idea, ",Our observation overall suggests a possible enhancer-hijacking mechanism for transcriptional activation in breast cancer genomes.,"It is well established that genomic structural variations can spatially reposition highly active, distal cis-regulatory elements—such as super-enhancers—into the close proximity of oncogenes. This phenomenon, known as 'enhancer hijacking', drives massive and aberrant transcriptional activation of the juxtaposed target genes, promoting oncogenesis independently of localized gene amplification or focal copy number gains.","Therefore, this indicates that structural variant-mediated enhancer hijacking serves as a distinct, alternative oncogenic mechanism for ERBB2 (HER2) hyperactivation in breast cancer. Furthermore, because these translocations are present at a cancer cell fraction of approximately 1, the repositioning of super-enhancers to the ERBB2 locus constitutes an early, clonal driver event in the evolutionary trajectory of these specific tumors."
breast_cancer,Q2.4,Clinical effect of ERBB2 focal gain,"Out of 75 individuals with HER2-positive tumours who received neoadjuvant TCHP regimens, 38 showed pathologic complete response (pCR). Cases with pCR exhibited significantly higher ERBB2 expression and a greater frequency of ERBB2 focal amplification. Tumours with ERBB2 copy number ≥33 were more likely to be ecDNA-positive; however, ERBB2 amplification by ecDNA was not associated with pCR rates.","Of note, ecDNA is generally associated with poor prognosis across multiple cancer types47.","Our observation suggests that absolute copy number. rather than the amplification mechanism, may be a more relevant predictor of therapeutic response. It also indicates that ERBB2-amplifying ecDNA may be an actionable target for anti-HER2 therapy.","It is a well-established principle that elevated ERBB2 (HER2) focal amplification and overexpression predict favorable clinical responses to anti-HER2 targeted therapies. The observation that higher ERBB2 expression aligns with higher pathologic complete response (pCR) rates is highly consistent with standard clinical biomarkers. Furthermore, it is known that extrachromosomal DNA (ecDNA) facilitates massive oncogene copy number amplification. However, because ecDNA lacks centromeres and segregates unequally during mitosis, it rapidly drives extreme intratumoral heterogeneity, genomic plasticity, and targeted therapy resistance.","This suggests that while stable chromosomal ERBB2 amplification confers vulnerability to HER2-targeted neoadjuvant therapy, the structural modality of the amplification alters therapeutic susceptibility. Specifically, ecDNA-mediated ERBB2 amplification fails to proportionally improve treatment response despite driving extreme copy numbers, indicating that the rapid, dynamic intratumoral heterogeneity and unequal segregation conferred by ecDNA provide a mechanism for tumor sub-clones to escape targeted inhibition, thereby mitigating the therapeutic efficacy of the TCHP regimen."
breast_cancer,Q2.4,Long-segmental copy number gains,"The timing analysis with the burden of co-amplified, pre-amplification somatic base substitutions yielded the acquisition timing of the frequent long-segmental CNAs in breast cancer in molecular time49 (Extended Data Fig. 10). Most of the recurrent long-segmental CNAs were acquired by 20% of molecular time, when recent common ancestral cells of a cancer emerge, which should be decades earlier than tumour diagnosis.","which is presumably acquired in early puberty, consistent with a previous report50","This implies that acquisition of the long-segmental CNAs is an early evolutionary event in breast cancer, which is presumably acquired in early puberty ... Our findings also suggest that full neoplastic transformation can take decades from the first event of genomic instability.","These findings are highly consistent with pan-cancer evolutionary timeline studies demonstrating that large-scale structural variations, including chromosomal gains and extensive copy number alterations (CNAs), frequently occur as early initiating events in a tumor's life history. It is a well-established biological paradigm in cancer genomics that such macro-evolutionary leaps establish the foundational genomic architecture of the tumor and drive initial clonal expansion, often preceding clinical presentation by many years.","This indicates that the fundamental structural framework and critical chromosomal instabilities characterizing these breast cancers are locked in during the nascent stages of oncogenesis, long before clinically evident malignant transformation. Consequently, these recurrent long-segmental CNAs act as very early driver events, revealing a prolonged subclinical evolutionary phase that could offer a substantial window of opportunity for early detection and interception strategies targeting these ancestral clones."
type,subsection,main_content,context,outcome,predicted_references,predicted_context,predicted_outcome
Q1.2,Confinement induces a neuronal state,"we hypothesized that mechanical forces exerted on the cell/nucleus may cause stable changes in gene expression and tumour cell behaviour. To test this hypothesis,","a system to confine human mela-
noma cells (A375 cell line) in vitro at predefined heights (3 µm) using a
polydimethylsiloxane piston and micropatterned coverslips13","we adapted a system to confine human mela-
noma cells (A375 cell line) in vitro at predefined heights (3 µm) using a
polydimethylsiloxane piston and micropatterned coverslips13 (Fig. 1l).","10.1126/science.aba2894, 10.1126/science.aad7297","It is established that physical confinement, such as a cancer cell migrating through a dense extracellular matrix, induces severe cellular and nuclear deformation. This mechanical stress on the nucleus stretches the nuclear envelope, uncouples chromatin from the nuclear lamina, and alters chromatin architecture, thereby driving transcriptional reprogramming and altering cell state. Polydimethylsiloxane (PDMS) microfluidic devices engineered with highly defined spatial geometries (e.g., narrow microchannels) are a standard, reproducible in vitro model used to physically confine cells. This system allows for the precise isolation and application of mechanical compressive forces independent of biochemical cues from the tumor microenvironment.","we will pass human melanoma cell lines (e.g., A375) through PDMS microfluidic devices containing either narrow, confining microchannels (3 μm width) or wide, unconfined control channels (15 μm width). Following passage, we will isolate the cells and perform bulk RNA-sequencing (RNA-seq) to profile stable transcriptomic changes, ATAC-seq to assess mechanically-induced shifts in chromatin accessibility, and Boyden chamber transwell assays to evaluate subsequent shifts toward an invasive phenotype."